run_id,case_id,valid,issues,puml_path
ensemble__all_methods__candidate_pool__stacked_llm,case_01_healthcare_portal,True,,results/plantuml_pipeline/ensemble_stacked_llm/runs/ensemble__all_methods__candidate_pool__stacked_llm/case_01_healthcare_portal/ensemble.puml
ensemble__all_methods__candidate_pool__stacked_llm,case_02_inventory,False,"multiple_initial_state_transitions (Start, AddNewGoods, UpdatePrice, RemoveGoods, CheckExpiry, PlaceOrder, GenerateInvoice, SearchItems, CalculateDiscountTax, GenerateReceipt, ReplaceCancelReceipt, RecordRequest, ViewTransactions) | missing_final_state_transition (state --> [*])",results/plantuml_pipeline/ensemble_stacked_llm/runs/ensemble__all_methods__candidate_pool__stacked_llm/case_02_inventory/ensemble.puml
ensemble__all_methods__candidate_pool__stacked_llm,case_12_business_process_outsourcing_bpo_management_system_2,False,"unreachable_states_detected | unreachable: Display Results, DisplayResults, End, Process Criteria",results/plantuml_pipeline/ensemble_stacked_llm/runs/ensemble__all_methods__candidate_pool__stacked_llm/case_12_business_process_outsourcing_bpo_management_system_2/ensemble.puml
ensemble__all_methods__candidate_pool__stacked_llm,case_15_e_ticketing_for_bus,True,,results/plantuml_pipeline/ensemble_stacked_llm/runs/ensemble__all_methods__candidate_pool__stacked_llm/case_15_e_ticketing_for_bus/ensemble.puml
ensemble__all_methods__candidate_pool__stacked_llm,case_16_weather_monitoring_system,False,"plantuml_syntax_error: Some diagram description contains errors | duplicate_transitions_detected (1) | unreachable_states_detected | unreachable: DewPoint, FailLogin, Failed Login, Failed Registration, Humidity, Location Valid, LocationInvalid, LocationValid, Login, Logout, Pressure, Rainfall, Show Weather Info, ShowInfo, SuccessLogin, Successful Login, Successful Registration, Temperature, ViewDetails, WeatherCheck, WeatherSelection | orphan_states_detected | orphan: Failed Registration | choice_node_without_guarded_outgoing_transitions (WeatherSelection)",results/plantuml_pipeline/ensemble_stacked_llm/runs/ensemble__all_methods__candidate_pool__stacked_llm/case_16_weather_monitoring_system/ensemble.puml
ensemble__all_methods__candidate_pool__stacked_llm,case_18_digidoclocker,False,"plantuml_syntax_error: Some diagram description contains errors | unreachable_states_detected | unreachable: ApplyCert, CancelCert, Cancellation of Certificates, ChoiceRegistrar, ContinueUpload, End, IssueCert, IssueCertificate, Issuing the Certificates, RequestCert, RequestCertificate, Update the Profile, UpdateProfile, UploadDocuments, View Profile, ViewProfile | orphan_states_detected | orphan: CancelCert, IssueCert, UpdateProfile | choice_node_without_outgoing_transitions (ChoiceRegistrar) | choice_node_without_outgoing_transitions (EndMerge)",results/plantuml_pipeline/ensemble_stacked_llm/runs/ensemble__all_methods__candidate_pool__stacked_llm/case_18_digidoclocker/ensemble.puml
ensemble__all_methods__candidate_pool__stacked_llm,case_28_ott_based_system_mini_reel,False,missing_final_state_transition (state --> [*]),results/plantuml_pipeline/ensemble_stacked_llm/runs/ensemble__all_methods__candidate_pool__stacked_llm/case_28_ott_based_system_mini_reel/ensemble.puml
ensemble__all_methods__candidate_pool__stacked_llm,case_32_e_visa_processing_and_follow_up_system,False,"unreachable_states_detected | unreachable: Application Accepted, ApplicationAccepted, Apply for Visa, ApplyForVisa, Cancel Application, CancelApplication, Check Status, CheckStatus, Create User, Dashboard, Give Feedback, GiveFeedback, Logged In, LoggedIn, Login, Logout, Modify Details, ModifyDetails, PaymentConfirmed, View Details, View Purpose, View Status, ViewDetails, ViewPurpose, ViewStatus",results/plantuml_pipeline/ensemble_stacked_llm/runs/ensemble__all_methods__candidate_pool__stacked_llm/case_32_e_visa_processing_and_follow_up_system/ensemble.puml
ensemble__all_methods__candidate_pool__stacked_llm,case_33_farm_management_system,False,unreachable_states_detected | unreachable: Invalid Login | choice_node_without_guarded_outgoing_transitions (ContinueService) | choice_node_without_guarded_outgoing_transitions (LabourAvailability) | choice_node_without_guarded_outgoing_transitions (LoggedIn) | choice_node_without_guarded_outgoing_transitions (MainArea) | choice_node_without_guarded_outgoing_transitions (MarketConditions) | choice_node_without_guarded_outgoing_transitions (PestControlHelp) | choice_node_without_guarded_outgoing_transitions (SoilSuggestions) | choice_node_without_guarded_outgoing_transitions (WeatherInsights),results/plantuml_pipeline/ensemble_stacked_llm/runs/ensemble__all_methods__candidate_pool__stacked_llm/case_33_farm_management_system/ensemble.puml
ensemble__all_methods__candidate_pool__stacked_llm,case_34_green_rides,False,plantuml_syntax_error: Some diagram description contains errors,results/plantuml_pipeline/ensemble_stacked_llm/runs/ensemble__all_methods__candidate_pool__stacked_llm/case_34_green_rides/ensemble.puml
ensemble__all_methods__candidate_pool__stacked_llm,case_37_online_quiz_system,False,missing_final_state_transition (state --> [*]),results/plantuml_pipeline/ensemble_stacked_llm/runs/ensemble__all_methods__candidate_pool__stacked_llm/case_37_online_quiz_system/ensemble.puml
ensemble__all_methods__candidate_pool__stacked_llm,case_39_website_development,False,missing_initial_state_transition ([*] --> state),results/plantuml_pipeline/ensemble_stacked_llm/runs/ensemble__all_methods__candidate_pool__stacked_llm/case_39_website_development/ensemble.puml
ensemble__all_methods__candidate_pool__stacked_llm,case_41_video_suggestion_system,False,"plantuml_syntax_error: Some diagram description contains errors | unreachable_states_detected | unreachable: Add Details, AddingDetails, Gather Videos, GatherVideos, Identify User, IdentifyUser, PromotedVideos, Receive Request, SendSuggestions, Sending Suggestions, SendingSuggestions, SimilarVideos, TrendingVideos, UserPreferences, UserProfile",results/plantuml_pipeline/ensemble_stacked_llm/runs/ensemble__all_methods__candidate_pool__stacked_llm/case_41_video_suggestion_system/ensemble.puml
ensemble__all_methods__candidate_pool__stacked_llm,case_45_alarm_clock,False,missing_final_state_transition (state --> [*]),results/plantuml_pipeline/ensemble_stacked_llm/runs/ensemble__all_methods__candidate_pool__stacked_llm/case_45_alarm_clock/ensemble.puml
ensemble__all_methods__candidate_pool__stacked_llm,case_46_digital_watch,False,"multiple_initial_state_transitions (Idle, Idle) | missing_final_state_transition (state --> [*]) | duplicate_transitions_detected (5)",results/plantuml_pipeline/ensemble_stacked_llm/runs/ensemble__all_methods__candidate_pool__stacked_llm/case_46_digital_watch/ensemble.puml
ensemble__all_methods__candidate_pool__stacked_llm,case_47_safehome_security_function,True,,results/plantuml_pipeline/ensemble_stacked_llm/runs/ensemble__all_methods__candidate_pool__stacked_llm/case_47_safehome_security_function/ensemble.puml
ensemble__all_methods__candidate_pool__stacked_llm,case_51_process_sale,False,"missing_final_state_transition (state --> [*]) | unreachable_states_detected | unreachable: Complete sale, Complete sale with cash, Enter items one by one, Move to payment, Return to waiting, Verify payment with card or check, Waiting for sale",results/plantuml_pipeline/ensemble_stacked_llm/runs/ensemble__all_methods__candidate_pool__stacked_llm/case_51_process_sale/ensemble.puml
ensemble__all_methods__candidate_pool__stacked_llm,case_52_microwave_oven,False,plantuml_syntax_error: Some diagram description contains errors | missing_final_state_transition (state --> [*]),results/plantuml_pipeline/ensemble_stacked_llm/runs/ensemble__all_methods__candidate_pool__stacked_llm/case_52_microwave_oven/ensemble.puml
ensemble__all_methods__candidate_pool__stacked_llm,case_54_weather_station_system,True,,results/plantuml_pipeline/ensemble_stacked_llm/runs/ensemble__all_methods__candidate_pool__stacked_llm/case_54_weather_station_system/ensemble.puml
ensemble__all_methods__candidate_pool__stacked_llm,case_59_atm_1,False,missing_initial_state_transition ([*] --> state) | missing_final_state_transition (state --> [*]),results/plantuml_pipeline/ensemble_stacked_llm/runs/ensemble__all_methods__candidate_pool__stacked_llm/case_59_atm_1/ensemble.puml
ensemble__all_methods__candidate_pool__stacked_llm,case_60_atm_2,True,,results/plantuml_pipeline/ensemble_stacked_llm/runs/ensemble__all_methods__candidate_pool__stacked_llm/case_60_atm_2/ensemble.puml
ensemble__all_methods__candidate_pool__stacked_llm,case_65_plane,False,missing_final_state_transition (state --> [*]),results/plantuml_pipeline/ensemble_stacked_llm/runs/ensemble__all_methods__candidate_pool__stacked_llm/case_65_plane/ensemble.puml
ensemble__all_methods__candidate_pool__stacked_llm,case_67_atm_many_scenarios_1,True,,results/plantuml_pipeline/ensemble_stacked_llm/runs/ensemble__all_methods__candidate_pool__stacked_llm/case_67_atm_many_scenarios_1/ensemble.puml
ensemble__all_methods__candidate_pool__stacked_llm,case_70_atm_many_scenarios_7,False,"plantuml_syntax_error: Some diagram description contains errors | unreachable_states_detected | unreachable: Dispensing, Printing, Query, Transaction Complete, Transaction Processing, TransactionComplete, Transfer, Withdrawal",results/plantuml_pipeline/ensemble_stacked_llm/runs/ensemble__all_methods__candidate_pool__stacked_llm/case_70_atm_many_scenarios_7/ensemble.puml
ensemble__all_methods__candidate_pool__stacked_llm,case_75_graderate,False,plantuml_syntax_error: Some diagram description contains errors,results/plantuml_pipeline/ensemble_stacked_llm/runs/ensemble__all_methods__candidate_pool__stacked_llm/case_75_graderate/ensemble.puml
ensemble__all_methods__candidate_pool__stacked_llm,case_78_class_campaign_version_2,True,,results/plantuml_pipeline/ensemble_stacked_llm/runs/ensemble__all_methods__candidate_pool__stacked_llm/case_78_class_campaign_version_2/ensemble.puml
ensemble__all_methods__candidate_pool__stacked_llm,case_80_staff_member_class,False,"multiple_initial_state_transitions (Unassigned, AssignToClient) | missing_final_state_transition (state --> [*]) | duplicate_transitions_detected (1)",results/plantuml_pipeline/ensemble_stacked_llm/runs/ensemble__all_methods__candidate_pool__stacked_llm/case_80_staff_member_class/ensemble.puml
